{
  "scene": {
    "solids": [
      {
        "$type": "sphere",
        "radius": 2,
        "material": {
          "Ka": [
            0.1,
            0.1,
            0.1
          ],
          "Kd": [
            0.64,
            0.64,
            0
          ],
          "Ks": [
            0.5,
            0.5,
            0.5
          ],
          "Ns": 96.078431,
          "Kr": 0.5,
          "Kt": 0
        },
        "position": [
          -2,
          1,
          -5
        ]
      },
      {
        "$type": "sphere",
        "radius": 1,
        "material": {
          "Ka": [
            0.1,
            0.1,
            0.1
          ],
          "Kd": [
            0,
            0,
            0.64
          ],
          "Ks": [
            0.5,
            0.5,
            0.5
          ],
          "Ns": 96.078431,
          "Kr": 0.5,
          "Kt": 0
        },
        "position": [
          0,
          0,
          -3
        ]
      },
      {
        "$type": "plane",
        "normal": [
          0,
          0.8944271909999159,
          0.4472135954999579
        ],
        "material": {
          "Ka": [
            0.1,
            0.1,
            0.1
          ],
          "Kd": [
            0.5,
            0,
            0
          ],
          "Ks": [
            0,
            1,
            0
          ],
          "Ns": 100,
          "Kr": 0,
          "Kt": 0
        },
        "position": [
          0,
          0,
          -10
        ]
      }
    ]
  },
  "lights": [
    {
      "position": [
        -0.5773502691896258,
        -0.5773502691896258,
        -0.5773502691896258,
        0
      ],
      "Ka": [
        1,
        1,
        1
      ],
      "Kd": [
        1,
        1,
        1
      ],
      "Ks": [
        1,
        1,
        1
      ]
    }
  ],
  "ambientLight": {
    "position": [
      -0.5773502691896258,
      -0.5773502691896258,
      -0.5773502691896258,
      0
    ],
    "Ka": [
      1,
      1,
      1
    ],
    "Kd": [
      1,
      1,
      1
    ],
    "Ks": [
      1,
      1,
      1
    ]
  },
  "camera": {
    "fov": 60,
    "position": [
      0,
      0,
      0
    ],
    "forward": [
      0,
      0,
      -1
    ],
    "up": [
      0,
      1,
      0
    ],
    "height": 720,
    "width": 1024
  },
  "brdf": {
    "$type": "phong"
  }
}